{
  "accuracy": [
    0.040775399655103683,
    0.06483957171440125,
    0.11697860807180405,
    0.16778074204921722,
    0.25401070713996887,
    0.3014705777168274,
    0.40909090638160706,
    0.4846256673336029,
    0.5153743028640747,
    0.5895721912384033,
    0.6637700796127319,
    0.7426470518112183,
    0.779411792755127,
    0.8348930478096008,
    0.846256673336029,
    0.8790106773376465,
    0.8957219123840332,
    0.9177807569503784,
    0.9224599003791809,
    0.9284759163856506,
    0.8683155179023743,
    0.8409090638160706,
    0.904411792755127,
    0.9304812550544739,
    0.9371657967567444,
    0.9331550598144531,
    0.9445187449455261,
    0.9398396015167236,
    0.9525400996208191,
    0.9465240836143494,
    0.9491978883743286,
    0.9458556175231934,
    0.9505347609519958,
    0.9465240836143494,
    0.9405080080032349,
    0.9518716335296631,
    0.9512032270431519,
    0.9505347609519958,
    0.9458556175231934,
    0.9558823704719543,
    0.9505347609519958,
    0.9592245817184448
  ],
  "loss": [
    3.233668804168701,
    3.193023204803467,
    3.02302622795105,
    2.789532423019409,
    2.5707156658172607,
    2.3457865715026855,
    2.1060261726379395,
    1.9231009483337402,
    1.7916371822357178,
    1.6485595703125,
    1.5006723403930664,
    1.3282370567321777,
    1.2287787199020386,
    1.124961495399475,
    1.1034226417541504,
    1.0179129838943481,
    0.9892909526824951,
    0.928473711013794,
    0.9035574197769165,
    0.8996955156326294,
    1.0091701745986938,
    1.087550163269043,
    0.946600615978241,
    0.8722695112228394,
    0.8475248217582703,
    0.8502582311630249,
    0.8312731385231018,
    0.832089900970459,
    0.811281681060791,
    0.8103246688842773,
    0.8071963787078857,
    0.8095681071281433,
    0.8081448078155518,
    0.8093339800834656,
    0.8176015019416809,
    0.799883246421814,
    0.7906330823898315,
    0.7872809767723083,
    0.8012893795967102,
    0.7898384928703308,
    0.7833930253982544,
    0.7733247876167297
  ],
  "val_accuracy": [
    0.029411764815449715,
    0.11764705926179886,
    0.11764705926179886,
    0.14705882966518402,
    0.14705882966518402,
    0.1764705926179886,
    0.29411765933036804,
    0.29411765933036804,
    0.23529411852359772,
    0.29411765933036804,
    0.3235294222831726,
    0.38235294818878174,
    0.3235294222831726,
    0.3529411852359772,
    0.29411765933036804,
    0.38235294818878174,
    0.29411765933036804,
    0.3235294222831726,
    0.3235294222831726,
    0.3529411852359772,
    0.29411765933036804,
    0.2647058963775635,
    0.3529411852359772,
    0.3235294222831726,
    0.3529411852359772,
    0.38235294818878174,
    0.29411765933036804,
    0.3235294222831726,
    0.3529411852359772,
    0.3235294222831726,
    0.29411765933036804,
    0.29411765933036804,
    0.3235294222831726,
    0.3529411852359772,
    0.29411765933036804,
    0.3235294222831726,
    0.3235294222831726,
    0.29411765933036804,
    0.3235294222831726,
    0.2647058963775635,
    0.2647058963775635,
    0.2647058963775635
  ],
  "val_loss": [
    3.1964781284332275,
    3.0709826946258545,
    2.787508249282837,
    2.5848681926727295,
    2.5925323963165283,
    2.6334762573242188,
    2.448657751083374,
    2.6100361347198486,
    2.8660387992858887,
    2.846221685409546,
    2.817674160003662,
    2.975910186767578,
    3.029726505279541,
    2.877061605453491,
    3.035173177719116,
    3.264190196990967,
    3.3232579231262207,
    3.122835636138916,
    3.136507511138916,
    3.1583969593048096,
    3.3251326084136963,
    3.2203519344329834,
    2.9162309169769287,
    2.919661521911621,
    3.1703269481658936,
    3.2251956462860107,
    3.215127468109131,
    3.320150136947632,
    3.248995542526245,
    3.2597033977508545,
    3.420175552368164,
    3.445741653442383,
    3.2880659103393555,
    3.197908401489258,
    3.1145682334899902,
    3.414203643798828,
    3.3442134857177734,
    3.380323648452759,
    3.3057661056518555,
    3.1965298652648926,
    3.4110164642333984,
    3.254643678665161
  ],
  "learning_rate": [
    9.999999747378752e-05,
    0.00019999999494757503,
    0.0003000000142492354,
    0.00039999998989515007,
    0.0005000000237487257,
    0.0006000000284984708,
    0.000699999975040555,
    0.0007999999797903001,
    0.0008999999845400453,
    0.0010000000474974513,
    0.0010000000474974513,
    0.000999970710836351,
    0.0009998827008530498,
    0.0009997360175475478,
    0.000999530660919845,
    0.0009992667473852634,
    0.000998944160528481,
    0.0009985631331801414,
    0.0009981234325096011,
    0.0009976254077628255,
    0.0009970689425244927,
    0.0009964541532099247,
    0.0009957811562344432,
    0.0009950499515980482,
    0.0009942605393007398,
    0.0009934132685884833,
    0.000992508023045957,
    0.0009915450355038047,
    0.0009905243059620261,
    0.0009894459508359432,
    0.0009883103193715215,
    0.000987117295153439,
    0.0009858671110123396,
    0.000984559883363545,
    0.000983195728622377,
    0.000981774996034801,
    0.0009802976856008172,
    0.0009787640301510692,
    0.0009771741461008787,
    0.0009755282662808895,
    0.0009738265653140843,
    0.0009720693342387676
  ]
}